time,index,edit,side,length=100,num_sides=1,runTime=50
0.0380973,69,BIND_NS,1
0.0458526,50,BIND_NS,1
0.0551013,64,BIND_NS,1
0.0560854,16,BIND_NS,1
0.0590881,64,SLIDE_RIGHT,1
0.0611516,9,BIND_NS,1
0.0658719,95,BIND_NS,1
0.0796133,88,BIND_NS,1
0.086562,16,SLIDE_LEFT,1
0.10442,15,SLIDE_LEFT,1
0.134106,34,BIND_NS,1
0.140978,4,BIND_NS,1
0.145221,29,BIND_NS,1
0.147286,28,BIND_NS,1
0.150551,9,SLIDE_RIGHT,1
0.153404,69,SLIDE_RIGHT,1
0.156776,91,BIND_NS,1
0.170582,50,SLIDE_RIGHT,1
0.173927,90,BIND_NS,1
0.179114,46,BIND_NS,1
0.179428,24,BIND_NS,1
0.180761,10,SLIDE_LEFT,1
0.180977,4,SLIDE_LEFT,1
0.185679,99,BIND_NS,1
0.21706,20,BIND_NS,1
0.235684,46,SLIDE_LEFT,1
0.23831,14,BIND_S,1
0.245078,1,BIND_NS,1
0.254277,51,SLIDE_LEFT,1
0.261668,49,BIND_NS,1
0.261719,2,BIND_NS,1
0.266771,19,BIND_NS,1
0.26718,25,BIND_NS,1
0.269581,43,BIND_NS,1
0.285859,65,SLIDE_LEFT,1
0.287526,40,BIND_NS,1
0.289869,4,BIND_NS,1
0.291748,64,BIND_S,1
0.321051,43,SLIDE_LEFT,1
0.322843,87,BIND_NS,1
0.32757,20,BIND_S,1
0.346727,24,SLIDE_LEFT,1
0.347457,34,SLIDE_RIGHT,1
0.370668,28,SLIDE_LEFT,1
0.385073,7,BIND_NS,1
0.388912,13,BIND_NS,1
0.392799,81,BIND_NS,1
0.392977,88,SLIDE_RIGHT,1
0.393642,26,BIND_NS,1
0.394531,53,BIND_NS,1
0.404293,86,BIND_NS,1
0.409008,69,BIND_NS,1
0.416195,10,BIND_NS,1
0.418656,53,SLIDE_RIGHT,1
0.420004,97,BIND_NS,1
0.426278,84,BIND_NS,1
0.428504,11,BIND_NS,1
0.436852,37,BIND_NS,1
0.449069,0,BIND_NS,1
0.450863,47,BIND_NS,1
0.453284,97,SLIDE_RIGHT,1
0.458584,71,BIND_NS,1
0.460738,52,BIND_NS,1
0.465869,62,BIND_NS,1
0.467185,49,BIND_S,1
0.479432,19,SLIDE_LEFT,1
0.481916,71,SLIDE_RIGHT,1
0.487773,24,BIND_NS,1
0.488856,52,SLIDE_LEFT,1
0.5009,88,BIND_NS,1
0.503124,95,SLIDE_RIGHT,1
0.503755,97,BIND_NS,1
0.512098,54,SLIDE_RIGHT,1
0.517002,29,BIND_S,1
0.518167,23,SLIDE_LEFT,1
0.518397,2,BIND_S,1
0.527324,72,SLIDE_LEFT,1
0.537171,5,BIND_NS,1
0.537572,84,SLIDE_LEFT,1
0.547024,42,SLIDE_RIGHT,1
0.552347,83,SLIDE_LEFT,1
0.555431,67,BIND_NS,1
0.562331,43,SLIDE_LEFT,1
0.565116,69,SLIDE_LEFT,1
0.569497,24,SLIDE_LEFT,1
0.572511,51,SLIDE_RIGHT,1
0.602582,13,SLIDE_LEFT,1
0.60384,91,BIND_S,1
0.606778,47,SLIDE_RIGHT,1
0.609579,65,BIND_NS,1
0.611083,5,SLIDE_RIGHT,1
0.618005,42,SLIDE_LEFT,1
0.620206,50,SLIDE_RIGHT,1
0.632834,53,BIND_NS,1
0.635052,37,SLIDE_LEFT,1
0.639007,41,BIND_S,1
0.640396,53,BIND_S,1
0.641686,97,BIND_S,1
0.641692,11,BIND_S,1
0.6509,85,BIND_NS,1
0.655525,51,SLIDE_LEFT,1
0.661497,36,SLIDE_RIGHT,1
0.664016,48,BIND_S,1
0.679661,65,BIND_S,1
0.681557,47,BIND_NS,1
0.695758,68,SLIDE_RIGHT,1
0.704285,32,BIND_NS,1
0.707269,42,BIND_NS,1
0.709119,71,SLIDE_RIGHT,1
0.712479,55,SLIDE_LEFT,1
0.719803,80,BIND_NS,1
0.720964,21,BIND_NS,1
0.733541,9,SLIDE_LEFT,1
0.739333,15,BIND_NS,1
0.743419,35,SLIDE_LEFT,1
0.743778,34,BIND_S,1
0.74696,19,BIND_NS,1
0.752743,67,SLIDE_LEFT,1
0.770661,63,BIND_NS,1
0.785832,98,UNBIND_NS,1
0.788636,99,SLIDE_LEFT,1
0.79661,12,BIND_S,1
0.800916,45,SLIDE_RIGHT,1
0.809491,16,BIND_NS,1
0.825729,46,SLIDE_LEFT,1
0.833527,69,SLIDE_LEFT,1
0.833697,52,SLIDE_LEFT,1
0.837903,87,BIND_S,1
0.848137,23,BIND_S,1
0.875698,17,BIND_NS,1
0.888162,50,BIND_S,1
0.907727,21,BIND_S,1
0.912136,98,SLIDE_RIGHT,1
0.916366,98,BIND_NS,1
0.929581,46,BIND_NS,1
0.949146,42,SLIDE_RIGHT,1
0.975661,68,BIND_S,1
0.984997,54,SLIDE_RIGHT,1
0.988654,45,SLIDE_LEFT,1
0.990835,69,BIND_NS,1
1.01365,26,BIND_S,1
1.01889,87,UNBIND_S,1
1.04512,81,BIND_S,1
1.04573,80,SLIDE_LEFT,1
1.06385,36,BIND_NS,1
1.07517,4,SLIDE_RIGHT,1
1.08055,10,BIND_S,1
1.11675,37,UNBIND_NS,1
1.12802,66,SLIDE_RIGHT,1
1.13348,97,UNBIND_S,1
1.14049,79,SLIDE_LEFT,1
1.14332,46,SLIDE_LEFT,1
1.1442,58,BIND_NS,1
1.15225,13,BIND_NS,1
1.15427,55,BIND_S,1
1.15704,78,SLIDE_RIGHT,1
1.164,18,UNBIND_NS,1
1.1669,47,SLIDE_LEFT,1
1.1729,71,BIND_NS,1
1.18067,3,SLIDE_RIGHT,1
1.18398,79,SLIDE_RIGHT,1
1.18441,72,BIND_S,1
1.19405,22,UNBIND_NS,1
1.21331,22,BIND_NS,1
1.21646,92,BIND_NS,1
1.22416,35,BIND_NS,1
1.23697,9,BIND_NS,1
1.24405,85,SLIDE_LEFT,1
1.26877,80,SLIDE_LEFT,1
1.26918,70,BIND_S,1
1.27401,63,BIND_S,1
1.27428,79,SLIDE_RIGHT,1
1.27925,33,BIND_NS,1
1.30498,88,UNBIND_NS,1
1.32106,15,BIND_S,1
1.3504,84,SLIDE_RIGHT,1
1.35479,58,SLIDE_LEFT,1
1.35563,31,BIND_NS,1
1.3642,78,BIND_NS,1
1.38732,24,BIND_NS,1
1.3926,27,SLIDE_RIGHT,1
1.41025,42,BIND_NS,1
1.41258,93,BIND_NS,1
1.41611,82,SLIDE_RIGHT,1
1.41928,78,SLIDE_LEFT,1
1.43813,89,SLIDE_LEFT,1
1.44652,88,SLIDE_RIGHT,1
1.4492,80,SLIDE_LEFT,1
1.47299,67,SLIDE_LEFT,1
1.47409,98,BIND_S,1
1.48005,89,SLIDE_LEFT,1
1.48445,46,UNBIND_NS,1
1.48821,19,SLIDE_LEFT,1
1.48922,66,SLIDE_RIGHT,1
1.49103,17,UNBIND_NS,1
1.5055,40,SLIDE_LEFT,1
1.51028,94,BIND_NS,1
1.51525,28,SLIDE_LEFT,1
1.51955,67,SLIDE_LEFT,1
1.52484,62,SLIDE_LEFT,1
1.52599,79,BIND_S,1
1.5345,66,SLIDE_RIGHT,1
1.53884,87,BIND_S,1
1.57187,67,SLIDE_LEFT,1
1.59485,66,SLIDE_RIGHT,1
1.59684,82,BIND_NS,1
1.59713,45,SLIDE_RIGHT,1
1.6008,77,SLIDE_RIGHT,1
1.61114,43,UNBIND_NS,1
1.61223,54,BIND_NS,1
1.61709,47,BIND_NS,1
1.63456,39,SLIDE_LEFT,1
1.64965,18,SLIDE_RIGHT,1
1.67213,25,BIND_S,1
1.67989,37,BIND_NS,1
1.69532,91,UNBIND_S,1
1.70046,95,BIND_NS,1
1.7039,47,BIND_S,1
1.71012,4,BIND_S,1
1.71109,61,SLIDE_LEFT,1
1.71555,39,BIND_NS,1
1.71962,84,BIND_NS,1
1.7217,60,SLIDE_LEFT,1
1.72433,77,BIND_NS,1
1.72959,89,BIND_NS,1
1.74436,71,BIND_S,1
1.7505,93,BIND_S,1
1.77463,32,BIND_S,1
1.78425,89,BIND_S,1
1.78546,91,BIND_S,1
1.79898,77,SLIDE_LEFT,1
1.86858,57,SLIDE_RIGHT,1
1.875,96,BIND_S,1
1.8886,30,BIND_NS,1
1.89874,84,UNBIND_NS,1
1.89889,45,BIND_NS,1
1.91937,85,SLIDE_LEFT,1
1.99793,80,BIND_NS,1
2.00218,99,BIND_S,1
2.01019,8,BIND_S,1
2.01172,43,BIND_NS,1
2.02763,54,BIND_S,1
2.06005,80,UNBIND_NS,1
2.06501,78,SLIDE_LEFT,1
2.07422,83,BIND_S,1
2.08074,92,BIND_S,1
2.09721,40,BIND_NS,1
2.09739,3,BIND_NS,1
2.10654,86,SLIDE_LEFT,1
2.10714,56,BIND_NS,1
2.10889,62,BIND_NS,1
2.10904,51,SLIDE_RIGHT,1
2.11143,27,SLIDE_RIGHT,1
2.11333,94,BIND_S,1
2.11983,16,SLIDE_RIGHT,1
2.12311,78,BIND_NS,1
2.14282,73,BIND_NS,1
2.15339,67,SLIDE_LEFT,1
2.16235,49,UNBIND_S,1
2.16719,72,UNBIND_S,1
2.17424,59,SLIDE_RIGHT,1
2.18613,60,SLIDE_RIGHT,1
2.22035,17,SLIDE_RIGHT,1
2.22293,45,BIND_S,1
2.24966,60,BIND_NS,1
2.25859,35,BIND_S,1
2.28165,85,SLIDE_RIGHT,1
2.30059,57,BIND_NS,1
2.30467,18,BIND_S,1
2.32916,36,BIND_S,1
2.3336,56,BIND_S,1
2.3351,60,SLIDE_LEFT,1
2.35771,52,BIND_S,1
2.36769,3,BIND_S,1
2.41203,58,BIND_S,1
2.42923,86,SLIDE_LEFT,1
2.45015,6,BIND_S,1
2.46207,28,SLIDE_LEFT,1
2.47243,46,UNBIND_NS,1
2.47936,77,BIND_S,1
2.56517,37,BIND_S,1
2.57137,97,BIND_S,1
2.57745,27,SLIDE_RIGHT,1
2.579,57,BIND_S,1
2.59578,66,SLIDE_RIGHT,1
2.60857,85,SLIDE_RIGHT,1
2.62027,27,BIND_NS,1
2.64096,61,SLIDE_LEFT,1
2.65716,86,BIND_S,1
2.66965,88,BIND_S,1
2.67053,73,SLIDE_RIGHT,1
2.67959,50,UNBIND_S,1
2.68814,66,BIND_NS,1
2.71588,84,SLIDE_RIGHT,1
2.75418,82,BIND_S,1
2.76459,39,BIND_S,1
2.79425,60,SLIDE_RIGHT,1
2.82829,84,BIND_NS,1
2.83651,30,BIND_S,1
2.83954,61,SLIDE_LEFT,1
2.87125,73,BIND_NS,1
2.89084,13,BIND_S,1
2.92277,28,UNBIND_NS,1
2.96152,66,BIND_S,1
3.00755,43,BIND_S,1
3.02627,61,BIND_NS,1
3.03033,27,SLIDE_RIGHT,1
3.06,76,SLIDE_LEFT,1
3.06065,50,SLIDE_RIGHT,1
3.06304,17,BIND_NS,1
3.06485,49,SLIDE_RIGHT,1
3.13698,60,BIND_S,1
3.16798,67,BIND_S,1
3.17383,76,BIND_NS,1
3.18744,91,UNBIND_S,1
3.19648,46,BIND_NS,1
3.26582,94,UNBIND_S,1
3.27359,61,UNBIND_NS,1
3.33445,75,BIND_S,1
3.33774,17,SLIDE_LEFT,1
3.33791,94,BIND_S,1
3.40844,27,BIND_NS,1
3.43109,24,BIND_S,1
3.47854,9,BIND_S,1
3.48565,38,UNBIND_NS,1
3.52453,44,BIND_S,1
3.53643,49,BIND_NS,1
3.57667,62,SLIDE_LEFT,1
3.60892,28,BIND_S,1
3.62305,5,UNBIND_NS,1
3.64655,62,BIND_NS,1
3.65039,51,BIND_S,1
3.69614,16,BIND_S,1
3.80339,74,BIND_S,1
3.92347,78,UNBIND_NS,1
3.94719,5,BIND_NS,1
4.08263,91,UNBIND_NS,1
4.09952,85,BIND_S,1
4.11071,90,SLIDE_RIGHT,1
4.11366,17,BIND_NS,1
4.14088,7,BIND_S,1
4.14242,19,BIND_S,1
4.16044,1,BIND_S,1
4.21077,42,BIND_S,1
4.21464,17,BIND_S,1
4.21706,91,SLIDE_LEFT,1
4.23129,48,UNBIND_S,1
4.27313,56,UNBIND_S,1
4.28937,91,BIND_NS,1
4.44844,22,BIND_S,1
4.50907,72,BIND_S,1
4.60957,51,UNBIND_S,1
4.62534,93,UNBIND_S,1
4.70681,55,UNBIND_S,1
4.72203,78,BIND_NS,1
4.72276,78,BIND_S,1
4.79627,22,UNBIND_S,1
4.80859,56,BIND_S,1
4.84988,40,UNBIND_NS,1
4.9181,31,BIND_S,1
4.95493,62,BIND_S,1
4.96598,69,BIND_S,1
5.08079,38,BIND_NS,1
5.10973,47,UNBIND_S,1
5.1418,93,BIND_S,1
5.24608,19,UNBIND_S,1
5.31394,0,UNBIND_NS,1
5.3583,90,BIND_S,1
5.40711,59,BIND_S,1
5.40877,46,BIND_S,1
5.43688,12,UNBIND_S,1
5.44306,91,BIND_S,1
5.47007,71,UNBIND_S,1
5.49107,71,BIND_S,1
5.49708,95,BIND_S,1
5.54084,80,BIND_NS,1
5.66279,3,UNBIND_S,1
5.78448,38,BIND_S,1
5.83095,33,BIND_S,1
5.86639,61,UNBIND_NS,1
5.94602,83,UNBIND_S,1
5.98543,55,BIND_S,1
6.09388,51,BIND_S,1
6.27283,50,UNBIND_NS,1
6.30967,61,BIND_NS,1
6.39758,80,BIND_S,1
6.40894,76,BIND_S,1
6.45693,49,BIND_S,1
6.55106,77,UNBIND_S,1
6.61395,3,BIND_S,1
6.61868,67,UNBIND_S,1
6.65383,0,BIND_NS,1
6.66619,5,BIND_S,1
6.69367,50,BIND_NS,1
6.76372,22,BIND_S,1
6.97078,84,BIND_S,1
7.02287,19,BIND_S,1
7.0962,50,BIND_S,1
7.11214,61,BIND_S,1
7.26782,77,BIND_S,1
7.28613,40,BIND_NS,1
7.34438,34,UNBIND_S,1
7.45722,47,UNBIND_NS,1
7.53844,48,SLIDE_LEFT,1
7.69113,47,SLIDE_RIGHT,1
7.74263,64,UNBIND_S,1
7.77702,83,UNBIND_NS,1
7.84685,12,BIND_S,1
7.85036,64,BIND_S,1
7.88805,40,BIND_S,1
8.21626,83,BIND_NS,1
8.34091,71,UNBIND_S,1
8.35195,47,BIND_NS,1
8.50055,73,BIND_S,1
8.53653,34,BIND_S,1
8.54608,47,UNBIND_NS,1
8.55001,48,BIND_S,1
8.60631,67,BIND_S,1
8.78587,47,BIND_NS,1
9.01374,40,UNBIND_S,1
9.12772,71,BIND_S,1
9.26753,47,BIND_S,1
9.36251,84,UNBIND_S,1
9.55157,13,UNBIND_S,1
9.57325,84,UNBIND_NS,1
9.63923,66,UNBIND_S,1
9.6402,0,BIND_S,1
9.71804,83,SLIDE_RIGHT,1
9.73889,66,BIND_S,1
9.78286,52,UNBIND_S,1
9.85034,84,SLIDE_LEFT,1
9.86384,41,UNBIND_S,1
9.94971,78,UNBIND_S,1
9.98752,78,BIND_S,1
10.0528,69,UNBIND_S,1
10.0643,83,SLIDE_RIGHT,1
10.1263,69,BIND_S,1
10.1451,46,UNBIND_S,1
10.1871,27,BIND_S,1
10.2991,13,BIND_S,1
10.3948,40,BIND_S,1
10.4208,22,UNBIND_S,1
10.4446,92,UNBIND_S,1
10.4512,84,SLIDE_LEFT,1
10.6601,90,UNBIND_S,1
10.7417,83,BIND_S,1
10.8796,84,BIND_NS,1
11.0202,46,BIND_S,1
11.0399,98,UNBIND_S,1
11.0461,98,BIND_S,1
11.2912,52,BIND_S,1
11.3268,90,BIND_S,1
11.5351,84,BIND_S,1
11.6318,92,BIND_S,1
11.7792,41,UNBIND_NS,1
11.7985,7,UNBIND_S,1
11.8294,7,BIND_S,1
11.8469,22,BIND_S,1
12.0589,34,UNBIND_S,1
12.0592,18,UNBIND_S,1
12.1313,62,UNBIND_S,1
12.142,34,BIND_S,1
12.1858,33,UNBIND_S,1
12.187,41,BIND_NS,1
12.4927,18,BIND_S,1
12.6138,23,UNBIND_S,1
12.8682,85,UNBIND_S,1
12.8848,24,UNBIND_S,1
12.9235,23,BIND_S,1
13.0074,67,UNBIND_S,1
13.1529,24,UNBIND_NS,1
13.2137,6,UNBIND_S,1
13.3446,15,UNBIND_S,1
13.4952,24,BIND_NS,1
13.623,74,UNBIND_S,1
13.698,67,BIND_S,1
13.7911,15,BIND_S,1
14.1247,92,UNBIND_S,1
14.1817,92,BIND_S,1
14.4426,2,UNBIND_S,1
14.6399,96,UNBIND_S,1
14.7244,11,UNBIND_S,1
14.7319,33,BIND_S,1
14.7427,2,BIND_S,1
14.8629,85,BIND_S,1
14.8973,23,UNBIND_S,1
14.9247,6,BIND_S,1
15.0471,17,UNBIND_S,1
15.4058,11,UNBIND_NS,1
15.5006,8,UNBIND_S,1
15.5054,23,BIND_S,1
15.7449,8,BIND_S,1
15.7983,12,UNBIND_S,1
15.823,41,UNBIND_NS,1
16.0851,12,SLIDE_LEFT,1
16.3068,62,UNBIND_NS,1
16.3089,90,UNBIND_S,1
16.3292,1,UNBIND_S,1
16.4055,96,BIND_S,1
16.4794,41,BIND_NS,1
16.574,62,BIND_NS,1
16.6185,42,UNBIND_S,1
16.6815,11,SLIDE_RIGHT,1
16.7131,11,BIND_NS,1
16.7236,62,BIND_S,1
16.7475,63,UNBIND_S,1
17.2202,63,UNBIND_NS,1
17.6212,42,BIND_S,1
17.7416,40,UNBIND_S,1
18.1866,6,UNBIND_S,1
18.4439,55,UNBIND_S,1
18.4759,73,UNBIND_S,1
18.4894,73,BIND_S,1
18.6312,40,BIND_S,1
18.6328,74,BIND_S,1
18.6851,11,BIND_S,1
19.0866,83,UNBIND_S,1
19.1468,63,BIND_NS,1
19.2158,73,UNBIND_S,1
19.243,59,UNBIND_S,1
19.3171,83,BIND_S,1
19.3453,49,UNBIND_S,1
19.6115,1,BIND_S,1
19.7483,74,UNBIND_S,1
19.7717,55,BIND_S,1
19.7892,73,BIND_S,1
19.9106,71,UNBIND_S,1
19.9433,22,UNBIND_S,1
19.9987,6,BIND_S,1
20.0222,1,UNBIND_S,1
20.3576,71,BIND_S,1
20.5178,35,UNBIND_S,1
20.5424,17,UNBIND_NS,1
20.652,26,UNBIND_S,1
20.6639,59,BIND_S,1
20.7194,74,BIND_S,1
21.0415,86,UNBIND_S,1
21.756,22,BIND_S,1
21.8107,86,BIND_S,1
21.9114,12,BIND_S,1
22.2047,11,UNBIND_S,1
22.385,63,BIND_S,1
22.4197,17,BIND_NS,1
22.4231,99,UNBIND_S,1
22.4982,35,BIND_S,1
22.5779,1,BIND_S,1
22.5779,99,BIND_S,1
22.7419,17,BIND_S,1
22.8893,48,UNBIND_S,1
22.9004,26,BIND_S,1
23.1301,74,UNBIND_S,1
23.3623,41,BIND_S,1
23.4164,24,BIND_S,1
23.4167,49,BIND_S,1
23.4285,17,UNBIND_S,1
23.6509,90,UNBIND_NS,1
23.7253,18,UNBIND_S,1
23.8105,17,UNBIND_NS,1
23.8645,11,BIND_S,1
23.8761,36,UNBIND_S,1
24.0616,48,BIND_S,1
24.0958,93,UNBIND_S,1
24.1205,18,SLIDE_LEFT,1
24.1558,80,UNBIND_S,1
24.1876,29,UNBIND_S,1
24.2669,17,SLIDE_RIGHT,1
24.3268,84,UNBIND_S,1
24.3285,83,UNBIND_S,1
24.4367,18,BIND_S,1
24.4389,93,BIND_S,1
24.5561,84,BIND_S,1
24.5908,7,UNBIND_S,1
24.647,36,BIND_S,1
24.7489,16,UNBIND_S,1
24.9184,26,UNBIND_S,1
25.0003,74,BIND_S,1
25.0299,16,SLIDE_RIGHT,1
25.1552,26,BIND_S,1
25.1701,94,UNBIND_S,1
25.2888,26,UNBIND_S,1
25.3129,16,BIND_NS,1
25.4707,33,UNBIND_S,1
25.9559,17,BIND_S,1
26.3273,7,BIND_S,1
26.3764,33,UNBIND_NS,1
26.5492,88,UNBIND_S,1
26.573,33,BIND_NS,1
26.7561,85,UNBIND_S,1
26.8496,3,UNBIND_S,1
26.9506,85,BIND_S,1
26.9792,84,UNBIND_S,1
27.1402,0,UNBIND_S,1
27.1642,90,BIND_NS,1
27.607,50,UNBIND_S,1
27.7124,26,BIND_S,1
27.8395,50,BIND_S,1
27.8985,41,UNBIND_S,1
27.9192,16,BIND_S,1
27.9478,79,UNBIND_S,1
27.9749,77,UNBIND_S,1
28.0315,68,UNBIND_S,1
28.1137,41,BIND_S,1
28.1162,0,BIND_S,1
28.1985,29,BIND_S,1
28.3031,84,BIND_S,1
28.3372,79,BIND_S,1
28.4115,77,UNBIND_NS,1
28.4564,90,BIND_S,1
28.6544,42,UNBIND_S,1
28.836,77,BIND_NS,1
28.8836,75,UNBIND_S,1
29.019,94,UNBIND_NS,1
29.0937,47,UNBIND_S,1
29.3018,91,UNBIND_S,1
29.4885,3,BIND_S,1
29.4963,77,BIND_S,1
29.6094,68,BIND_S,1
29.6152,47,BIND_S,1
29.681,75,BIND_S,1
29.8326,56,UNBIND_S,1
30.017,94,BIND_NS,1
30.5817,42,BIND_S,1
30.6598,45,UNBIND_S,1
30.7082,17,UNBIND_S,1
30.7852,80,BIND_S,1
30.8513,91,BIND_S,1
31.1228,87,UNBIND_S,1
31.317,0,UNBIND_S,1
31.3871,33,BIND_S,1
31.426,94,BIND_S,1
31.4733,45,BIND_S,1
31.7358,17,BIND_S,1
31.7505,46,UNBIND_S,1
31.7586,48,UNBIND_S,1
31.8335,27,UNBIND_S,1
31.8565,94,UNBIND_S,1
32.0062,61,UNBIND_S,1
32.1959,0,BIND_S,1
32.2561,88,BIND_S,1
32.3741,43,UNBIND_S,1
32.7639,83,BIND_S,1
32.8618,88,UNBIND_S,1
33.0326,87,BIND_S,1
33.136,88,BIND_S,1
33.3117,77,UNBIND_S,1
33.3714,61,BIND_S,1
33.6797,43,BIND_S,1
33.7936,68,UNBIND_S,1
34.2731,56,BIND_S,1
34.4069,27,BIND_S,1
34.4341,68,UNBIND_NS,1
34.4588,77,BIND_S,1
34.4615,68,BIND_NS,1
34.4724,15,UNBIND_S,1
34.4862,0,UNBIND_S,1
35.2758,94,BIND_S,1
35.3621,18,UNBIND_S,1
35.4291,15,BIND_S,1
35.6157,61,UNBIND_S,1
36.0103,46,UNBIND_NS,1
36.3958,89,UNBIND_S,1
36.9406,99,UNBIND_S,1
37.2487,72,UNBIND_S,1
37.2912,42,UNBIND_S,1
37.4565,13,UNBIND_S,1
37.7131,89,BIND_S,1
37.7917,46,BIND_NS,1
37.9699,44,UNBIND_S,1
38.137,61,BIND_S,1
38.1467,0,BIND_S,1
38.1889,42,BIND_S,1
38.2115,84,UNBIND_S,1
38.283,68,BIND_S,1
38.4616,1,UNBIND_S,1
38.4833,99,UNBIND_NS,1
38.5468,93,UNBIND_S,1
38.5571,99,BIND_NS,1
38.8773,13,BIND_S,1
38.8982,26,UNBIND_S,1
39.0516,1,BIND_S,1
39.3873,99,UNBIND_NS,1
39.4077,81,UNBIND_S,1
39.4479,52,UNBIND_S,1
39.5247,93,BIND_S,1
39.5352,30,UNBIND_S,1
39.6037,30,UNBIND_NS,1
39.7384,99,BIND_NS,1
39.755,46,BIND_S,1
39.8403,58,UNBIND_S,1
39.8411,9,UNBIND_S,1
39.8955,45,UNBIND_S,1
39.9998,81,BIND_S,1
40.02,99,BIND_S,1
40.1559,73,UNBIND_S,1
40.297,84,BIND_S,1
40.3095,6,UNBIND_S,1
40.3533,46,UNBIND_S,1
40.4796,9,UNBIND_NS,1
40.5697,72,BIND_S,1
40.5704,52,UNBIND_NS,1
40.579,64,UNBIND_S,1
40.6191,30,BIND_NS,1
40.6584,58,BIND_S,1
40.7263,6,UNBIND_NS,1
40.7794,9,BIND_NS,1
40.8782,26,BIND_S,1
40.9007,45,BIND_S,1
41.2488,73,BIND_S,1
41.2657,54,UNBIND_S,1
41.3265,6,BIND_NS,1
41.3369,46,BIND_S,1
41.4723,75,UNBIND_S,1
41.5604,48,UNBIND_NS,1
41.6064,48,BIND_NS,1
41.667,6,UNBIND_NS,1
41.6674,27,UNBIND_S,1
41.808,75,BIND_S,1
41.8238,48,BIND_S,1
41.9589,30,BIND_S,1
41.9659,18,BIND_S,1
41.9954,44,BIND_S,1
42.081,6,BIND_NS,1
42.1926,57,UNBIND_S,1
42.8034,54,BIND_S,1
42.8132,21,UNBIND_S,1
42.992,57,BIND_S,1
43.541,27,BIND_S,1
43.6129,62,UNBIND_S,1
43.7193,65,UNBIND_S,1
43.7268,98,UNBIND_S,1
43.7858,9,BIND_S,1
43.863,72,UNBIND_S,1
44.0188,71,UNBIND_S,1
44.0473,6,BIND_S,1
44.159,88,UNBIND_S,1
44.1883,31,UNBIND_S,1
44.1991,52,BIND_NS,1
44.2574,60,UNBIND_S,1
44.2685,62,BIND_S,1
44.2873,71,BIND_S,1
44.3127,64,BIND_S,1
44.4467,73,UNBIND_S,1
44.4885,65,BIND_S,1
44.5023,32,UNBIND_S,1
44.6534,52,UNBIND_NS,1
44.6779,73,UNBIND_NS,1
44.7228,67,UNBIND_S,1
44.7364,72,SLIDE_RIGHT,1
44.7823,32,BIND_S,1
44.837,73,SLIDE_LEFT,1
44.9283,72,SLIDE_RIGHT,1
44.9496,4,UNBIND_S,1
45.0762,49,UNBIND_S,1
45.0894,73,SLIDE_LEFT,1
45.1399,67,UNBIND_NS,1
45.1636,88,BIND_S,1
45.1696,67,BIND_NS,1
45.1806,4,BIND_S,1
45.2144,72,SLIDE_RIGHT,1
45.2839,73,SLIDE_LEFT,1
45.3118,72,BIND_S,1
45.3785,62,UNBIND_S,1
45.3816,33,UNBIND_S,1
45.4448,70,UNBIND_S,1
45.5532,65,UNBIND_S,1
45.5871,42,UNBIND_S,1
45.5905,96,UNBIND_S,1
45.6259,31,BIND_S,1
45.651,73,BIND_NS,1
45.7519,43,UNBIND_S,1
45.8188,21,BIND_S,1
45.9622,96,UNBIND_NS,1
45.9675,60,BIND_S,1
46.0413,52,BIND_NS,1
46.1476,0,UNBIND_S,1
46.172,73,BIND_S,1
46.2855,98,BIND_S,1
46.3334,65,BIND_S,1
46.6269,42,BIND_S,1
46.8236,15,UNBIND_S,1
46.8356,62,BIND_S,1
46.8402,19,UNBIND_S,1
47.0079,19,BIND_S,1
47.1248,15,BIND_S,1
47.1973,50,UNBIND_S,1
47.323,43,UNBIND_NS,1
47.335,41,UNBIND_S,1
47.393,70,UNBIND_NS,1
47.5419,41,UNBIND_NS,1
47.6235,0,BIND_S,1
47.7314,50,BIND_S,1
47.7901,30,UNBIND_S,1
48.1135,33,BIND_S,1
48.1337,41,BIND_NS,1
48.236,52,BIND_S,1
48.4748,41,UNBIND_NS,1
48.7629,67,BIND_S,1
48.7631,72,UNBIND_S,1
48.8447,97,UNBIND_S,1
48.8816,97,SLIDE_LEFT,1
48.953,96,SLIDE_RIGHT,1
48.9943,43,BIND_NS,1
49.0132,80,UNBIND_S,1
49.1742,76,UNBIND_S,1
49.2516,96,BIND_NS,1
49.3351,41,BIND_NS,1
49.3863,67,UNBIND_S,1
49.6897,27,UNBIND_S,1
49.8613,80,BIND_S,1
49.9931,43,BIND_S,1
